ds,yhat,yhat_lower,yhat_upper
2025-01-01,-1739.6397132768614,-28234.04817399635,22342.474087034963
2025-02-01,13021.408482919493,-11930.647489698451,40274.19136099269
2025-03-01,-2310.4641920795475,-26766.57420744136,23764.28007126867
2025-03-02,-6201.20782615692,-31270.282835257774,19342.988798156322
2025-03-03,-9432.404352698994,-33922.859302671946,15213.349079902906
2025-03-04,-11977.057942520172,-36552.223303820094,14230.346693688067
2025-03-05,-13826.104755704906,-39365.712646197186,12800.905622902592
2025-03-06,-14988.023068107042,-42549.78144183269,10924.8192167525
2025-03-07,-15488.00922319342,-42177.56846625207,9651.716577263647
2025-03-08,-15366.749603684555,-41246.246829585514,10747.61386999121
2025-03-09,-14678.828965740298,-39509.29513374892,12018.89749960423
2025-03-10,-13490.82440894545,-39264.91730034583,12264.167337184914
2025-03-11,-11879.141738851466,-38515.10502495902,13434.124408225976
2025-03-12,-9927.656829872354,-36895.445507195196,14599.893672213477
2025-03-13,-7725.228674207217,-33669.42326554557,18328.005051691274
2025-03-14,-5363.153018030198,-30174.18581234025,21669.664868685908
2025-03-15,-2932.6258018640638,-27248.526383368295,23520.054353439977
2025-03-16,-522.2840533516155,-27374.822682282236,24698.208252255292
2025-03-17,1784.1115054808756,-22969.31914983448,27439.665853026738
2025-03-18,3909.792960096725,-21109.90419755798,28541.608512097402
2025-03-19,5786.848262003832,-22679.873100742057,30422.36073426701
2025-03-20,7357.78624909369,-18741.429894635316,32909.228402744906
2025-03-21,8576.768085879285,-15362.883721865057,33935.16043095888
2025-03-22,9410.479464505532,-15518.339431507671,35630.05381558873
2025-03-23,9838.628333581291,-16468.750759227918,35851.70019905041
2025-03-24,9854.063593498639,-15595.442964728723,35453.33638795541
2025-03-25,9462.52081289404,-16667.226644642877,36424.65741611428
2025-03-26,8682.011285703371,-17543.820331578627,35073.82945791001
2025-03-27,7541.880378708125,-17246.734280344474,35224.50007755036
2025-03-28,6081.569855498796,-21432.41199412718,32036.839857681243
2025-03-29,4349.126471179795,-21235.658858351242,32486.098722543447
2025-03-30,2399.5054153246965,-22575.339321179585,28761.461018802478
2025-03-31,292.7219813879758,-26488.693820535398,25560.240600388162
2025-04-01,-1908.0919552466669,-27631.012039986734,24871.988589840614
2025-04-02,-4138.668527653905,-33011.3315519041,19847.562604347313
2025-04-03,-6335.563554194314,-33343.4311868654,18214.971501776996
2025-04-04,-8438.039113715242,-32555.71192604678,17721.99490710657
2025-04-05,-10389.816200156733,-35930.26578595251,16320.99618438976
2025-04-06,-12140.649463586324,-39547.93978360048,13059.022459170457
2025-04-07,-13647.6821645225,-38375.9859433397,11441.525857491863
2025-04-08,-14876.546689044106,-39879.196140997425,11661.904634625904
2025-04-09,-15802.184067021175,-42601.03580817054,12592.397401690892
2025-04-10,-16409.364659060546,-40088.947932428804,8936.917101177556
2025-04-11,-16692.901267418838,-42546.39209790931,8404.036620461146
2025-04-12,-16657.55511340746,-41790.47018630824,9267.7087652696
2025-04-13,-16317.644140161447,-43592.34638941893,10111.337860957688
2025-04-14,-15696.371686271488,-41678.302743132524,10296.040359606795
2025-04-15,-14824.901487864212,-39984.849940418135,12076.77326181072
2025-04-16,-13741.211984032941,-38843.586984438065,11783.67071149365
2025-04-17,-12488.768830984196,-37359.504803143616,13126.838311002672
2025-04-18,-11115.059215613626,-36282.09131468505,14173.917180167411
2025-04-19,-9670.034880524185,-35107.450369219056,16695.55574744509
2025-04-20,-8204.512652133371,-32839.485961821556,17049.22409236601
2025-04-21,-6768.581666139584,-31640.66336649989,19030.522527351677
2025-04-22,-5410.065419906018,-31133.538515002692,19545.809197147395
2025-04-23,-4173.084301811163,-29666.645286087045,22171.588062720035
2025-04-24,-3096.76044579843,-31227.749025745918,21614.574209032977
2025-04-25,-2214.1017673235274,-28034.97073644592,25034.881744006318
2025-04-26,-1551.0960182810531,-27720.983706461153,24712.435066910202
2025-04-27,-1126.0388471172037,-26738.54834481963,23530.515966184896
2025-04-28,-949.1123809338625,-25759.99712740095,24728.52920398872
2025-04-29,-1022.2229904749931,-26068.48522254389,24038.470499214407
2025-04-30,-1339.0988955037155,-28210.79828737509,23739.360988129192
2025-05-01,-1885.6403591435726,-28155.46273882301,23242.252944659536
2025-05-02,-2640.507640573107,-27914.641806428393,24493.43743577394
2025-05-03,-3575.9248490452137,-29795.12243254632,20793.96762082399
2025-05-04,-4658.671572442305,-29291.640200007463,22982.030576788173
2025-05-05,-5851.2288199549275,-30493.92656811648,20849.86836649996
2025-05-06,-7113.041569198188,-32255.74848924289,19265.951295039016
2025-05-07,-8401.857158801904,-34671.47408564685,16214.246218663586
2025-05-08,-9675.096995679281,-34730.37121145585,17414.77916318266
2025-05-09,-10891.218589582053,-36912.050099684304,15002.398170638762
2025-05-10,-12011.025785923779,-39355.85064383409,12986.81600333725
2025-05-11,-12998.88719937431,-38854.00969835227,13078.236411735877
2025-05-12,-13823.826176440743,-39290.62491290384,11998.514067537195
2025-05-13,-14460.450022071645,-39911.31971426674,9779.229948971464
2025-05-14,-14889.691566670484,-39381.8450515993,12576.28941063804
2025-05-15,-15099.342254560761,-40907.428967290616,12480.005436173331
2025-05-16,-15084.362608387975,-38003.77807938932,9163.402948270084
2025-05-17,-14846.962958739972,-40189.628619638446,12232.48242895645
2025-05-18,-14396.454504929765,-40178.132229105366,10989.711837309707
2025-05-19,-13748.87787305074,-39846.99141223606,10927.833461116432
2025-05-20,-12926.423144217002,-40321.94425012201,12515.92455410962
2025-05-21,-11956.661635697381,-38393.29076509333,11941.001157859131
2025-05-22,-10871.615341441193,-35935.202292211725,12698.463620325821
2025-05-23,-9706.69471213019,-33959.45904165556,17410.71524934783
2025-05-24,-8499.53923945325,-34227.491927519135,17199.390629297537
2025-05-25,-7288.797998490802,-33052.75604048345,18465.5480088173
2025-05-26,-6112.888823085903,-29089.090673630853,19783.31099992577
2025-05-27,-5008.775105642403,-31711.80569142425,21173.863921559452
2025-05-28,-4010.7983250922025,-32591.926250417917,21569.563556774363
2025-05-29,-3149.6023527995167,-27644.38789275306,22355.678007373845
2025-05-30,-2451.182437241978,-28866.365446727392,22273.77723264502
2025-05-31,-1936.0876310350434,-27266.708470206377,23077.342871401637
2025-06-01,-1618.8004317853595,-28262.047269216146,23600.59263266897
2025-06-02,-1507.3117218269454,-28937.328895091607,24173.61756105566
2025-06-03,-1602.9028906265532,-28391.561225366444,26193.17387353371
2025-06-04,-1900.1405016092945,-27431.958716039077,22810.621752395065
2025-06-05,-2387.082225396062,-27993.172583894175,24432.355462610394
2025-06-06,-3045.686208109664,-29487.362568901633,21427.51711860151
2025-06-07,-3852.4097783731772,-28897.8728657537,22775.708587682948
2025-06-08,-4778.977609011085,-30232.10595165907,21091.361449438293
2025-06-09,-5793.294315760973,-32295.803716633225,21072.992952744786
2025-06-10,-6860.472147415282,-33362.17212564567,18637.648751562643
2025-06-11,-7943.941029570344,-34119.58606210934,17106.467853846294
2025-06-12,-9006.60586390108,-36811.97319563452,15470.888971974311
2025-06-13,-10012.014725398672,-36690.997974276164,15382.541441014382
2025-06-14,-10925.501471188714,-36612.459913665574,14159.198229282742
2025-06-15,-11715.267275337206,-37658.23125512792,14932.009049589657
2025-06-16,-12353.367696379742,-37821.29612473392,12584.629922918799
2025-06-17,-12816.574997583333,-38383.67395530927,12850.937521012367
2025-06-18,-13087.089473165133,-38641.35773717218,13677.94964212479
2025-06-19,-13153.078356985532,-39811.73280159075,12086.405171751758
2025-06-20,-13009.02635124924,-38877.428338474696,11329.131546427041
2025-06-21,-12655.887739635687,-40203.40476742361,13770.775480433596
2025-06-22,-12101.036257155783,-37089.870967628434,12983.84844171085
2025-06-23,-11358.015184925649,-38289.70693402017,13792.691713563157
2025-06-24,-10446.096327617306,-34664.574442453624,15213.617846696778
2025-06-25,-9389.66242378111,-35254.439165362164,17968.659702154262
2025-06-26,-8217.432954901888,-32422.263481240447,17805.917202566914
2025-06-27,-6961.5580917639745,-32467.4803646314,20868.790963540974
2025-06-28,-5656.609503829995,-32042.198928517122,19172.733146803523
2025-06-29,-4338.4998369413925,-30880.510493559814,20414.136395322363
2025-06-30,-3043.3647478735884,-27911.898982011706,23114.357331023435
2025-07-01,-1806.442408653919,-26000.811047303683,23704.76461500717
2025-07-02,-660.9853336588781,-25930.301534461832,25446.69784754251
2025-07-03,362.7617570650441,-26340.12991512377,26061.665591165827
2025-07-04,1238.4865043736045,-22852.380094092718,26643.920366060327
2025-07-05,1944.6075200419077,-24246.316028436206,27442.781993441666
2025-07-06,2464.9226700651852,-22567.806738629974,28656.2540163635
2025-07-07,2789.087417488234,-21865.25585137699,29092.594314479036
2025-07-08,2912.9089593838135,-23096.710156993657,29557.58821095169
2025-07-09,2838.447664060888,-24688.280184390318,26393.007729504578
2025-07-10,2573.9233315421698,-23837.456325327392,27935.394663975116
2025-07-11,2133.429873580343,-22764.34294149615,29319.622210571455
2025-07-12,1536.4679532312923,-24544.275310448964,27095.552957152217
2025-07-13,807.3107530889827,-25596.393802411134,27714.27154492769
2025-07-14,-25.776816196808795,-27404.70123571662,25783.89083536084
2025-07-15,-931.4406581750368,-25923.363518660106,25509.74247983856
2025-07-16,-1876.2332594385844,-26652.64173630861,22476.428258362303
2025-07-17,-2825.6713411186784,-31521.047222309164,23238.949280642326
2025-07-18,-3745.3222093697304,-30910.43892791407,23883.275193859543
2025-07-19,-4601.8848163578405,-28911.5793596167,20194.109031872325
2025-07-20,-5364.231796334748,-32288.187702020463,19784.88059300976
2025-07-21,-6004.380040881554,-33664.07725879648,21136.179579561554
2025-07-22,-6498.359682608652,-32117.236418224733,18161.371399421787
2025-07-23,-6826.954592455982,-32594.540448398537,20180.155914481882
2025-07-24,-6976.2915613432915,-33653.64329506066,18071.56233421368
2025-07-25,-6938.26010399354,-32636.21303357019,18636.271874044844
2025-07-26,-6710.750143022617,-33910.902537040995,18397.654724818076
2025-07-27,-6297.700538282004,-31286.49383785346,19657.85352911102
2025-07-28,-5708.957342999008,-29955.71333045825,19790.038445002167
2025-07-29,-4959.946610346062,-32230.739464679773,21233.84317385852
2025-07-30,-4071.1723576246686,-30157.993017865818,20532.58725378835
2025-07-31,-3067.555740614007,-27674.91699412721,22575.54166312984
2025-08-01,-1977.636429731041,-28060.789223271106,23440.735696275875
2025-08-02,-832.6614591708097,-26985.982288321495,24742.916827300476
2025-08-03,334.4096914182221,-25207.388217432323,24512.070455168527
2025-08-04,1489.952434494481,-24430.937699396552,26550.99321027758
2025-08-05,2600.7438729481846,-23502.10828571521,27889.961631912694
2025-08-06,3635.01551926083,-21703.36163813664,27896.869806446495
2025-08-07,4563.458859787998,-20371.13898523247,30813.57287359283
2025-08-08,5360.152184053169,-20236.738470941018,31616.854714622972
2025-08-09,6003.379578621305,-21061.685624752346,31270.957634826063
2025-08-10,6476.316372494255,-20473.59154763633,32585.9715968386
2025-08-11,6767.559509672592,-18788.701867236003,32553.18571482489
2025-08-12,6871.486185652329,-19279.711018245092,34829.083431501436
2025-08-13,6788.429465972322,-17293.828911312594,32717.496368404984
2025-08-14,6524.665340438614,-16527.84450092908,33757.572585546164
2025-08-15,6092.211577307953,-17626.809852222967,33055.5747872627
2025-08-16,5508.444644327879,-21036.487888755673,31370.39101189116
2025-08-17,4795.54667441001,-23332.928036033445,30787.723370899123
2025-08-18,3979.799794806402,-22156.218317507213,29508.166514438537
2025-08-19,3090.74994402615,-24171.89546363048,27734.715629988266
2025-08-20,2160.266419759764,-24826.40771063193,28930.689703210217
2025-08-21,1221.5267053751463,-23424.864903402577,26134.19454739907
2025-08-22,307.95850777758073,-25325.80027320839,26242.681615654437
2025-08-23,-547.8276695621232,-28142.563748951794,25555.982714693306
2025-08-24,-1315.0817427923416,-26127.172826709313,24419.797507720283
2025-08-25,-1965.9000772894742,-25543.156589196802,25525.800013481894
2025-08-26,-2476.1230870037725,-30424.70656162764,23631.588160382784
2025-08-27,-2826.115871393043,-28788.70236123065,24317.102645984633
2025-08-28,-3001.4069676247245,-28300.68049703918,22725.54485684719
2025-08-29,-2993.1646920262906,-29130.519068630776,23316.7588856887
2025-08-30,-2798.4955940007253,-28683.760097503553,23042.614909624666
2025-08-31,-2420.555091066299,-26590.53257404148,24869.193587139493
2025-09-01,-1868.466224934581,-27375.321937836237,24188.43893162465
2025-09-02,-1157.048493175098,-26605.773011059853,23919.17010657237
2025-09-03,-306.3646829008271,-25506.170044377315,23479.20963521841
2025-09-04,658.9006244028301,-26345.634614619612,26374.555101582966
2025-09-05,1710.2118728341984,-23378.353258588344,27708.619461813683
2025-09-06,2816.0789142597837,-24916.40052296369,27440.686371977106
2025-09-07,3943.051155515307,-20179.42586938474,32051.334342406954
2025-09-08,5056.77849349272,-21248.218335255566,32055.396227818324
2025-09-09,6123.105835306254,-17694.669838999576,32611.556366456625
2025-09-10,7109.166803528379,-18992.317183672876,31333.507702740222
2025-09-11,7984.442097758339,-18336.20208330391,31983.748561501652
2025-09-12,8721.748932980094,-15274.44688511122,34858.0107671828
2025-09-13,9298.12997613641,-17957.89738778325,33388.51670988138
2025-09-14,9695.613197825029,-15825.712012607402,34650.588968743665
2025-09-15,9901.817957451482,-14456.773797287487,36576.0968397349
2025-09-16,9910.387330015586,-15896.869843054847,37570.28692302687
2025-09-17,9721.23201932028,-14928.823300014928,36084.57269405935
2025-09-18,9340.577023155867,-17754.528382301774,36144.61717113978
2025-09-19,8780.808342474918,-16554.72526864574,33871.66382945191
2025-09-20,8060.123270382957,-16542.39677053279,34834.36463575047
2025-09-21,7201.99396489715,-17520.533123521098,32181.595244271193
2025-09-22,6234.459909915255,-18532.546115717436,31512.024814354176
2025-09-23,5189.270318149191,-19019.47873539554,31430.67017293368
2025-09-24,4100.9023554347405,-20914.494208200747,31565.408078875935
2025-09-25,3005.4851162016816,-22644.56893367144,28764.523566483662
2025-09-26,1939.6624240769893,-25730.595735637697,26041.17053249457
2025-09-27,939.4296678728679,-23811.031825901307,25444.041305694842
2025-09-28,38.980938790866276,-27727.904761510672,26393.808373096133
2025-09-29,-730.3973289336793,-26113.773566609725,26526.552306602338
2025-09-30,-1341.351199622639,-25604.04273609452,25598.661090569192
2025-10-01,-1771.3698283637914,-27050.908450694566,23219.327704438867
2025-10-02,-2003.5523855157148,-28971.771314922877,24325.629180876505
2025-10-03,-2027.2061440291122,-25308.1620467566,22162.89253129233
2025-10-04,-1838.2556186466318,-26389.71407536441,25243.12962015789
2025-10-05,-1439.4483640240228,-24894.712671286943,25652.126187315997
2025-10-06,-840.3492440696139,-25749.719751280507,25423.363120187863
2025-10-07,-57.12148911317172,-25749.848883786042,28492.135267767695
2025-10-08,887.9005376472185,-23837.570908363392,26083.086058755176
2025-10-09,1966.8354403485566,-23047.694020495936,29272.46023206536
2025-10-10,3147.058133869563,-20741.962371842405,28151.281591129507
2025-10-11,4392.159104653046,-22014.85039736735,32347.140120625343
2025-10-12,5663.031236112966,-21000.342238806945,31288.52869138565
2025-10-13,6919.0516548239975,-18994.262985366146,31804.684201687127
2025-10-14,8119.322833153793,-17902.361150055895,33670.06007777643
2025-10-15,9223.935041187158,-16396.491017079577,34469.38979539401
2025-10-16,10195.211249159001,-14661.023865700756,34754.10054467718
2025-10-17,10998.895781332156,-14880.501832638769,38186.69528487714
2025-10-18,11605.249416005809,-14241.717829968196,37050.69121854359
2025-10-19,11990.016181659885,-14911.448929308639,37089.60953477351
2025-10-20,12135.230745918663,-13431.173818610569,38282.488488202354
2025-10-21,12029.839930867736,-14814.210073864298,36676.67311564957
2025-10-22,11670.117379216808,-14084.718197247343,38767.00404185931
2025-10-23,11059.856581550937,-14197.62135221375,36811.28497121369
2025-10-24,10210.334170192105,-15900.419070638,35871.4376101486
2025-10-25,9140.042390654655,-17643.30189958945,35242.436044409216
2025-10-26,7874.196764013275,-18070.80991332753,32752.21147138663
2025-10-27,6444.031937115124,-21316.96870453933,31971.3641009077
2025-10-28,4885.905367417565,-20368.52282222772,30665.42941946762
2025-10-29,3240.234598201505,-23456.79857287013,28876.853212784266
2025-10-30,1550.2992570878012,-24617.952109492988,28564.710765591513
2025-10-31,-139.05661571417886,-26153.884099176437,24619.215932966516
2025-11-01,-1782.782878014348,-27579.85780363765,25646.770213983207
2025-11-02,-3337.00094233686,-29751.43832894802,23138.313454906405
2025-11-03,-4760.358467481694,-33047.03308556646,19602.758178941865
2025-11-04,-6015.319042793606,-32082.063422761006,21443.478409053452
2025-11-05,-7069.346382885414,-32827.719521776424,17514.737281743564
2025-11-06,-7895.945367344109,-35277.40490837615,18783.04083166049
2025-11-07,-8475.526260149283,-34281.938461670165,17868.030158113233
2025-11-08,-8796.063517801704,-35473.26357944161,17489.109077114535
2025-11-09,-8853.526599514578,-33528.92652208789,16234.700595144666
2025-11-10,-8652.06695540635,-34587.977098011965,18136.576609098716
2025-11-11,-8203.952690295977,-34064.97883159317,18192.294163182247
2025-11-12,-7529.250066409584,-32994.95223624485,19571.150971161114
2025-11-13,-6655.258787709085,-33885.24583105658,17260.156743277897
2025-11-14,-5615.715667744887,-29639.093069777926,20780.955970828556
2025-11-15,-4449.788586395498,-30321.32639213194,22212.570092801157
2025-11-16,-3200.889365573342,-30449.64093950361,21319.124339437716
2025-11-17,-1915.340126440254,-26503.12259257301,23748.752930161038
2025-11-18,-640.9326445990798,-26798.09506864482,24523.279857405232
2025-11-19,574.5759687441221,-25304.790988751636,28619.67049551819
2025-11-20,1684.9853892743993,-24229.299657527175,29884.73117256043
2025-11-21,2647.1449570322193,-22927.206435200882,30601.506390025883
2025-11-22,3422.370495829029,-22531.467323163346,29255.509466752916
2025-11-23,3977.7399234882196,-21922.73926030075,29708.030400053118
2025-11-24,4287.225557668571,-20693.623599336446,29311.306011854856
2025-11-25,4332.625397004336,-23618.887810930322,29547.147042473072
2025-11-26,4104.261238236203,-22097.131252166277,29759.452306030682
2025-11-27,3601.418123790002,-21551.849684918336,28082.777310690333
2025-11-28,2832.5071173929127,-22351.457509276504,28627.851334118113
2025-11-29,1814.941562942055,-24328.190025730328,27396.890797364158
2025-11-30,574.7255605747619,-27631.258210895445,26906.19714199791
2025-12-01,-854.23785835037,-25137.389672703805,24621.984093634772
2025-12-02,-2431.1027168838364,-29679.650436672982,24027.8545081363
2025-12-03,-4109.27578746486,-30932.95326435566,21876.320901511208
2025-12-04,-5837.819835392301,-32269.278429694336,19043.983020948162
2025-12-05,-7563.0253780717485,-31238.794903408932,18376.013810045868
2025-12-06,-9230.106109901186,-34255.53847328369,16265.559462854852
2025-12-07,-10784.968566629039,-38308.560069298095,14099.1277368985
2025-12-08,-12176.003422285958,-37507.21228636521,14107.926403778429
2025-12-09,-13355.84414038738,-39975.518580678625,14979.429092660075
2025-12-10,-14283.038610531177,-41366.463316302215,12016.77615161707
2025-12-11,-14923.580918177595,-40304.39797871238,10770.06364042678
2025-12-12,-15252.253498670974,-39525.86173829391,12662.057244043039
2025-12-13,-15253.73454848064,-43230.005841815364,11099.1917882796
2025-12-14,-14923.431597095165,-41778.91148876299,10757.947513136936
2025-12-15,-14268.00942380875,-39833.063569761354,10191.06187848243
2025-12-16,-13305.588845519324,-38455.438426990724,14563.35293845059
2025-12-17,-12065.602075053113,-36750.71275574182,13938.535662943894
2025-12-18,-10588.300103149373,-35895.44209144481,17705.5283096699
2025-12-19,-8923.917616519762,-35455.571649645055,16562.739270096044
2025-12-20,-7131.511044411023,-33236.85733327153,19314.93556322901
2025-12-21,-5277.495135944981,-31282.122174385615,21440.275577777404
2025-12-22,-3433.9127254216473,-27839.240510381558,25682.24088459959
2025-12-23,-1676.4807679256153,-28058.023392932057,23663.734700883044
2025-12-24,-82.46307053278383,-26319.82549808044,24036.44469214841
2025-12-25,1271.5738206573674,-26328.033918267975,26029.73602503021
2025-12-26,2312.0605818560343,-23816.306211294854,25346.02981389314
2025-12-27,2970.7170394127634,-24182.62184938949,28120.546195527448
2025-12-28,3186.7710517612613,-23524.752620687967,27674.596910411587
2025-12-29,2909.0400152994725,-21986.515495214666,28740.801452063977
2025-12-30,2097.813165103842,-25341.307331888158,28322.560324793376
2025-12-31,726.4771167797596,-23427.61878608504,31312.502592509783
2026-01-01,-1217.1669498250785,-26667.25522923816,23723.982419157066
2026-01-02,-3729.93857515326,-29204.580742596732,22260.300994457597
2026-01-03,-6792.701046693929,-33112.42831999309,18916.715647737812
2026-01-04,-10370.197488010821,-38419.661280867964,14406.343839528967
2026-01-05,-14411.314519943911,-40728.23230741022,9770.708146132301
2026-01-06,-18849.776627026782,-46995.70246032344,4231.281795868144
2026-01-07,-23605.26272557838,-49990.88261561568,1825.9166961573437
2026-01-08,-28584.92485333061,-56603.290830296326,-3010.243496463495
2026-01-09,-33685.27770159354,-59856.440845240184,-8984.640916397379
2026-01-10,-38794.417204415186,-66515.43318734082,-13331.079665120113
2026-01-11,-43794.51687919064,-67909.2457742362,-17746.059478722935
2026-01-12,-48564.54235372849,-73493.23856948246,-21885.452649494568
2026-01-13,-52983.11775314527,-79677.12029940265,-27452.137250098524
2026-01-14,-56931.47255791551,-84122.50000681162,-33328.98009168617
2026-01-15,-60296.3943367241,-86945.16730481245,-34235.44318839414
2026-01-16,-62973.11151011913,-89184.58312351939,-37351.851336330874
2026-01-17,-64868.03106530091,-91954.60740324501,-39472.47745931776
2026-01-18,-65901.25891787864,-91240.84449890892,-39905.81232321151
2026-01-19,-66008.83534472364,-91091.2843356823,-40040.805617950806
2026-01-20,-65144.62448268119,-90120.0384149907,-38040.8375321301
2026-01-21,-63281.80513911105,-90606.87455675523,-38029.335894455086
2026-01-22,-60413.91988247017,-87204.74949566124,-34301.633165020845
2026-01-23,-56555.45032495954,-81882.82986780546,-30931.31992072292
2026-01-24,-51741.89838925317,-75981.40840461839,-25537.991333301205
2026-01-25,-46029.365855577824,-71838.04100372318,-19218.3483036757
2026-01-26,-39493.63728351644,-64901.15473450919,-14242.255753366218
2026-01-27,-32228.78415488078,-58289.35441820772,-6497.867983411779
2026-01-28,-24345.32044921074,-49719.8029211968,2569.258291128474
2026-01-29,-15967.95151014865,-40855.75527575036,10196.700905629756
2026-01-30,-7232.96867693113,-32319.816911543803,19092.06099357623
2026-01-31,1714.648546909178,-22520.98009035349,28170.029227901785
2026-02-01,10724.353288346414,-14741.734935656661,36476.33698810016
2026-02-02,19643.299614992044,-7068.422943440325,45881.62699259658
2026-02-03,28319.678907998514,3206.0313345662325,53496.90489058279
2026-02-04,36606.042893133555,11508.158687097024,63482.176303455744
2026-02-05,44362.532084028884,18489.217489184706,68895.29950096227
2026-02-06,51459.93065651412,24860.565566306574,76593.9219143174
2026-02-07,57782.47309038516,30474.123041858657,82898.31517204997
2026-02-08,63230.33416886407,36117.053159064446,88424.09082171258
2026-02-09,67721.74195250096,42134.53165877983,93915.4238192365
2026-02-10,71194.66293069615,45680.08867780124,97459.50880656122
2026-02-11,73608.01944610894,48585.081380393305,100108.75403016938
2026-02-12,74942.411394012,48238.9643084653,100647.05548081285
2026-02-13,75200.3268058675,50377.475935232134,100086.58335940697
2026-02-14,74405.83889729134,48136.08885501993,101275.71614208427
2026-02-15,72603.80015264373,47814.822943104715,98311.08640166017
2026-02-16,69858.55668678794,41082.4649777474,95965.57356054433
2026-02-17,66252.21813601215,40547.79601991384,91662.1757059
2026-02-18,61882.52936771237,37763.41097124159,88531.01636572841
2026-02-19,56860.40007583386,30168.181047664264,81957.98742975037
2026-02-20,51307.15659018345,28101.83804919702,77532.08478450486
2026-02-21,45351.58676386592,20236.335980999756,72080.08658446607
2026-02-22,39126.85344760597,12779.554886802445,64431.00516593139
2026-02-23,32767.35470123244,7887.957962863856,58994.00333512674
2026-02-24,26405.609474033936,12.497952547866916,52907.72549328409
2026-02-25,20169.246002283555,-5655.323666186305,47147.997182516236
2026-02-26,14178.166681676921,-11207.135038379964,38437.41335543621
2026-02-27,8541.95777856665,-17108.82486809061,32373.727603538784
2026-02-28,3357.605208066815,-22289.18851142314,28924.11362672953
2026-03-01,-1292.4310672777628,-27158.307957671113,24092.577751605728
2026-03-02,-5341.7414326165535,-32035.56846162624,17925.876793738138
2026-03-03,-8741.05820646278,-34259.601945709655,17143.093970541526
2026-03-04,-11458.894508286745,-37585.766846402184,13306.05660201768
2026-03-05,-13481.722583408597,-38486.20214658216,11873.626891652702
2026-03-06,-14813.695906855455,-40504.2921033532,10936.471792858565
2026-03-07,-15475.931267665248,-40872.84515403225,11436.848278441186
2026-03-08,-15505.378330966767,-41172.181985328236,9952.553461565358
2026-03-09,-14953.31458791993,-39492.228855677095,12757.70316115675
2026-03-10,-13883.512861499903,-40370.69149394028,11768.821142606746
2026-03-11,-12370.13640056705,-38347.96701585453,13322.687545356464
2026-03-12,-10495.42286886611,-35367.198475276375,16620.445624642536
2026-03-13,-8347.223067115523,-34088.27044850795,14979.351679256612
2026-03-14,-6016.4629131766205,-31244.36743577094,19701.5016813349
2026-03-15,-3594.5979962661677,-28767.663125333027,22722.095006303054
2026-03-16,-1171.1289196575485,-27110.295163843584,25068.74809097397
2026-03-17,1168.7572947477724,-24757.989536734847,28429.77146672016
2026-03-18,3346.3591410506083,-23743.236479380957,27669.946227605342
2026-03-19,5291.39156108717,-21986.617388632625,30937.60566567904
2026-03-20,6943.629176252679,-18684.701433288068,33701.27218964221
2026-03-21,8254.22392590634,-17207.899858133274,32949.4851617887
2026-03-22,9186.66892006794,-16113.216988893228,34313.039446723866
2026-03-23,9717.390632132568,-16975.035248467186,36535.723649084815
2026-03-24,9835.96219589554,-15595.791971577484,34077.36549472227
2026-03-25,9544.9412289874,-15945.881609364173,37561.42392951481
2026-03-26,8859.345984817082,-17214.319468084628,32507.600754073443
2026-03-27,7805.7934493025205,-19716.739519567047,33655.94155863335
2026-03-28,6421.3319816783105,-20706.624114503808,30615.79869846834
2026-03-29,4752.0090083972,-22845.00289093335,31980.404483316637
2026-03-30,2851.2209109113037,-20653.556983335264,28981.433550852453
2026-03-31,777.8974308612458,-25133.44261342701,24928.953727110933
2026-04-01,-1405.4234715929615,-26258.287659454945,22570.580011713275
2026-04-02,-3634.572411014414,-28360.516577107308,19650.19983492461
2026-04-03,-5845.71884729283,-32482.77198768882,19290.944640824055
2026-04-04,-7977.278045586461,-34110.676232722915,17557.561882339734
2026-04-05,-9971.700922476037,-34371.076556902764,17856.0743189904
2026-04-06,-11777.09745039138,-36052.43372332606,15707.258771163491
2026-04-07,-13348.650106163957,-38380.12462100572,12620.644585921948
2026-04-08,-14649.78081460805,-40631.97410790617,9946.988013777729
2026-04-09,-15653.042737016478,-40971.70211175183,11491.946251588954
2026-04-10,-16340.71684452709,-41534.4394578288,12320.158487296276
2026-04-11,-16705.10223964407,-42298.47925399202,9150.91338832017
2026-04-12,-16748.49837694698,-43649.255301773315,8549.889617018844
2026-04-13,-16482.88641854748,-42849.54409850224,7867.978112998028
2026-04-14,-15929.325676769618,-42246.81084563026,9328.633046594709
2026-04-15,-15117.08919968826,-42003.44917550315,9188.602351892388
2026-04-16,-14082.569814813109,-39620.26566380546,12004.497392046214
2026-04-17,-12867.994164904136,-39944.7586623769,12273.392375239204
2026-04-18,-11519.987279179435,-37772.74147745426,14702.946583142135
2026-04-19,-10088.03389459893,-36979.51035811433,15806.08778487786
2026-04-20,-8622.884986700208,-33237.72906873333,16374.47239092149
2026-04-21,-7174.958742173803,-34763.014107785944,19602.672650054807
2026-04-22,-5792.78450459904,-29997.970562162867,19441.199787215603
2026-04-23,-4521.536091209669,-28917.077048727355,23315.75024804777
2026-04-24,-3401.6973970282606,-29412.5920207049,21584.828839865597
2026-04-25,-2467.898493507574,-29105.837829022283,25567.63214395401
2026-04-26,-1747.9546501134298,-27598.496132439384,26437.102214019655
2026-04-27,-1262.1340444083003,-25003.23883909233,23371.282695631304
2026-04-28,-1022.6725905454041,-26012.037044060846,25434.46467228576
2026-04-29,-1033.546533998051,-26305.8746936784,23989.32361175436
2026-04-30,-1290.5054715462707,-27847.927447925806,24285.193159119997
2026-05-01,-1781.360500483072,-29620.74146677095,25539.762538187984
2026-05-02,-2486.514517823735,-29336.03792856775,23727.048758298923
2026-05-03,-3379.714505633474,-29479.846610483535,23559.937112776755
2026-05-04,-4428.9991620857145,-28237.97513577954,21729.47671143424
2026-05-05,-5597.809654592231,-31906.628366727433,20230.94191651868
2026-05-06,-6846.226739228514,-32698.598323915765,18897.956397808666
2026-05-07,-8132.294132375981,-33914.766335225606,18618.390794748102
2026-05-08,-9413.385924145568,-34975.73099125841,16290.687222212493
2026-05-09,-10647.575036412163,-35241.74276430315,15675.410068254414
2026-05-10,-11794.960260317455,-37488.85584632556,13436.246102150108
2026-05-11,-12818.911226977978,-39298.74081538274,12026.072383775003
2026-05-12,-13687.193702013674,-39897.403151809136,12094.310686958868
2026-05-13,-14372.941743304105,-39195.256128575405,12418.184430917054
2026-05-14,-14855.448384492915,-40351.206309810754,11903.926779327283
2026-05-15,-15120.752437639192,-41322.52692815359,10116.931528954163
2026-05-16,-15162.005559224917,-40532.80730198761,11986.02650921818
2026-05-17,-14979.610688026913,-40145.179625501434,11289.30358224328
2026-05-18,-14581.130125228416,-40289.63871229852,10988.609358301253
2026-05-19,-13980.968667099023,-40344.57086031122,11389.429087493334
2026-05-20,-13199.844100359736,-39003.51938547773,11430.580396581954
2026-05-21,-12264.06382264154,-37420.93654921632,12418.715569269805
2026-05-22,-11204.63216246412,-35404.56408708749,13422.353461394425
2026-05-23,-10056.217973151806,-36558.15516842373,17322.43995863512
2026-05-24,-8856.016118356249,-32482.530676366456,18853.213626206012
2026-05-25,-7642.53943816076,-34091.33681339589,17145.5289240708
2026-05-26,-6454.379602423973,-31782.114654431727,19124.404122875436
2026-05-27,-5328.975877164963,-29669.354254810965,21334.398828549874
2026-05-28,-4301.430241253717,-29703.739253451477,22003.34103479595
2026-05-29,-3403.405522535051,-29306.194350241854,22592.647690515572
2026-05-30,-2662.1403388769495,-27908.89203274624,22433.790195310183
2026-05-31,-2099.610727875602,-28445.1361290913,21642.531391722663
2026-06-01,-1731.8635564001509,-27033.67925623406,24441.216244791573
2026-06-02,-1568.541272210092,-27148.243206937797,25569.167197146173
2026-06-03,-1612.611469768103,-27426.63844319222,23687.01922864663
2026-06-04,-1860.3082812325615,-27694.741031924066,23129.143933815467
2026-06-05,-2301.285974717403,-26043.9156061973,24045.420391717573
2026-06-06,-2918.978547390986,-28571.483724603593,23340.38625990105
2026-06-07,-3691.152745739105,-28189.110895551836,22595.3651089444
2026-06-08,-4590.636021154247,-31239.478672687488,21353.73218269785
2026-06-09,-5586.195616523137,-32458.433338630635,18672.3779579035
2026-06-10,-6643.540437271134,-34595.11801200494,18637.22847190595
2026-06-11,-7726.413723292795,-32241.65548511649,17483.917405209777
2026-06-12,-8797.741912876589,-35396.81604475891,16169.10023447468
2026-06-13,-9820.803550484005,-34508.74697585988,16259.88305806031
2026-06-14,-10760.381677589468,-37903.49802084712,15118.776611213421
2026-06-15,-11583.863866483902,-38351.21382775367,14725.434136459979
2026-06-16,-12262.255881520023,-41157.70897650409,13991.461838824365
2026-06-17,-12771.07781901399,-39409.31266938203,13616.800918109539
2026-06-18,-13091.115390961537,-40086.486813170595,12727.77405901048
2026-06-19,-13209.003657278514,-39280.856320874715,12886.883732112392
2026-06-20,-13117.625828075517,-38788.81755679513,14564.288613069137
2026-06-21,-12816.315585061044,-38219.21231741657,14015.45055349489
2026-06-22,-12310.857526408352,-37830.29480220342,14798.215578988027
2026-06-23,-11613.286631790226,-35886.3094401951,16495.23849680899
2026-06-24,-10741.49387844969,-36804.02667163231,16002.394378248171
2026-06-25,-9718.65112327587,-35200.46100824488,16337.90413113668
2026-06-26,-8572.473916886434,-35789.21457668797,16872.447425880888
2026-06-27,-7334.345863883925,-32009.704372158692,17167.300131883065
2026-06-28,-6038.332338367414,-31244.431782353324,18579.893056079138
2026-06-29,-4720.114681350234,-29357.592093279392,21470.095169473687
2026-06-30,-3415.8783444035216,-28859.115921930894,20263.419857847413
2026-07-01,-2161.1897382414354,-27662.490873541305,22931.253447040977
2026-07-02,-989.8967557587722,-28163.383631504723,23207.79052247521
2026-07-03,66.91293241614972,-24651.001548296492,25596.980110309607
2026-07-04,981.863636836275,-24678.198994073187,27453.724043711896
2026-07-05,1732.1242037527004,-24513.584165002307,27999.77152086065
2026-07-06,2300.0959159209297,-22831.90073235224,28452.38381887733
2026-07-07,2673.934875564205,-23091.084092280693,25187.987852794085
2026-07-08,2847.893220039885,-22757.97918813486,27789.363520167633
2026-07-09,2822.4692037585983,-23725.25772746522,28950.861897155813
2026-07-10,2604.362152076629,-24759.207802020755,29299.905144641732
2026-07-11,2206.234370314731,-22613.62518469629,28985.901239529965
2026-07-12,1646.2880841070516,-23163.163145059443,25466.776032456844
2026-07-13,947.6712123225564,-24120.08976746544,27302.01367612599
2026-07-14,137.73105291836487,-24549.48859013141,27855.22227653631
2026-07-15,-752.8603651023702,-27598.9547570132,24711.61392061159
2026-07-16,-1691.0815884967265,-25166.25154057107,23929.15070926832
2026-07-17,-2642.6069770795625,-28361.887954235488,23649.085765483742
2026-07-18,-3572.8890524361223,-29259.590474807505,21629.98414444796
2026-07-19,-4448.244072009682,-28055.392299630254,21434.42959639271
2026-07-20,-5236.906930559004,-31158.712632166276,21970.86150399492
2026-07-21,-5910.0225320605305,-31544.14039811274,19260.17726021454
2026-07-22,-6442.542834140289,-31815.349075673686,17770.41536095473
2026-07-23,-6814.00177907459,-33037.54141285406,18482.962749333987
2026-07-24,-7009.144194521264,-33739.947639962826,18351.81752206152
2026-07-25,-7018.389352167505,-32542.911191766423,16937.084865399138
2026-07-26,-6838.115069169943,-32549.222534922472,18949.977652946796
2026-07-27,-6470.753864014439,-32950.98905595925,20165.243822516823
2026-07-28,-5924.698559529288,-33210.43626044173,20955.94901332078
2026-07-29,-5214.020678960363,-31583.82473146065,21491.738033136317
2026-07-30,-4358.0108211014285,-30138.152017286346,21730.795307282264
2026-07-31,-3380.555746933033,-32280.332234451515,23401.2812935716
2026-08-01,-2309.37199068313,-29408.140259917855,22710.256051976317
2026-08-02,-1175.1202662088226,-26740.815549949246,23639.131197345378
2026-08-03,-10.428636492160877,-27427.2082231564,24775.455935995265
2026-08-04,1151.1447633281903,-25822.905542593722,26049.468888895783
2026-08-05,2276.176798635922,-22311.082220216023,28664.283118411662
2026-08-06,3332.43871110256,-23182.330431745475,29389.678717514078
2026-08-07,4289.916508040786,-21564.172679499745,29758.196701109562
2026-08-08,5121.760316688901,-18802.37072321898,30033.944322594896
2026-08-09,5805.13289445302,-19803.648381775627,32018.1998949692
2026-08-10,6321.930655508079,-21213.21249628154,32391.52843549783
2026-08-11,6659.3545737725835,-20407.262080519264,31572.872669152646
2026-08-12,6810.3130286800915,-17887.892463619482,32587.629180957436
2026-08-13,6773.643926628685,-21552.143184742396,31363.233572874728
2026-08-14,6554.14909429973,-19086.748439570812,32721.14473392696
2026-08-15,6162.439824012999,-18756.12608582236,32349.809675271637
2026-08-16,5614.598373264837,-21316.146741471082,30702.114349630458
2026-08-17,4931.665996299575,-20085.47809141303,31765.031599772497
2026-08-18,4138.973535295527,-21338.057529129295,31469.94904228883
2026-08-19,3265.33555296384,-22847.662653018655,28057.414893978825
2026-08-20,2342.133291685673,-27181.94546772874,27308.00513218545
2026-08-21,1402.3152633624757,-21977.914944847416,26941.002769412393
2026-08-22,479.346897077746,-24738.07120141828,27444.48834880046
2026-08-23,-393.8576829457902,-27242.63908239668,23572.88509867338
2026-08-24,-1185.988062995314,-27127.020471335374,24649.26151355626
2026-08-25,-1868.3408801215667,-28388.419370038093,22284.436774204467
2026-08-26,-2415.7423259121224,-28862.948878188778,24389.750437249426
2026-08-27,-2807.360515923822,-28184.035646994264,22692.145492621963
2026-08-28,-3027.381821377462,-30136.95483363732,25187.030497486216
2026-08-29,-3065.529471198718,-28203.077397063636,22425.08220858003
2026-08-30,-2917.4076324744246,-27188.016759078608,23123.070437684324
2026-08-31,-2584.659614020844,-27371.88437762662,22324.657149156985
2026-09-01,-2074.9346446730947,-28748.297900422367,23434.839662283455
2026-09-02,-1401.6636736521282,-28035.282840538395,24328.74161216097
2026-09-03,-583.6506410293578,-25145.82930121389,23425.32299932666
2026-09-04,355.508517080963,-25585.76566646351,24941.212392386722
2026-09-05,1388.1614104982855,-26908.864041779958,27067.125154404497
2026-09-06,2483.466648644876,-23333.503731600966,26540.264131434484
2026-09-07,3608.3663420220378,-22053.772817525434,27523.271108429977
2026-09-08,4728.633383200104,-22271.18153543028,29328.300942379894
2026-09-09,5809.960767154391,-19253.975014766576,32937.15797890887
2026-09-10,6819.058750653386,-19308.32748155292,31757.48893245764
2026-09-11,7724.725253184779,-19580.88565446139,32945.16401969998
2026-09-12,8498.855582350678,-16507.65698837577,34778.498268403295
2026-09-13,9117.359308832141,-17329.831364119975,34972.11866274276
2026-09-14,9560.954870059386,-14641.685259785903,36045.51499888293
2026-09-15,9815.81616669991,-16448.1065571865,36834.5525922309
2026-09-16,9874.049920948555,-17364.36996500153,36952.66399500315
2026-09-17,9733.98775543426,-17143.472527382462,34677.51877435744
2026-09-18,9400.28266702988,-14815.048999698221,36304.45430235721
2026-09-19,8883.805637694832,-17590.10681965047,32874.26583078533
2026-09-20,8201.34435653822,-16359.397014613714,34049.88811314972
2026-09-21,7375.11223290043,-20715.784186210843,31818.047396233636
2026-09-22,6432.081864945274,-18335.876470958843,34188.86142096472
2026-09-23,5403.162707297981,-21024.076758923926,30392.08642992301
2026-09-24,4322.247677669224,-19678.974845148583,30034.738957598867
2026-09-25,3225.1577001424066,-22460.33297443954,27437.26873690975
2026-09-26,2148.5165640082114,-24724.779212769812,28158.460072953203
2026-09-27,1128.5908732346538,-24184.297459763893,26656.165899367934
2026-09-28,200.13119260278017,-24867.863752313056,27056.972003629515
2026-09-29,-604.7492855457838,-27698.15013375622,24740.060490331987
2026-09-30,-1257.6231382731803,-27498.91577912822,22292.48925576156
2026-10-01,-1734.6907708832164,-27762.192733185882,23597.740300208417
2026-10-02,-2017.5857988316484,-26903.740859651116,24612.0657195778
2026-10-03,-2094.0174399101315,-27162.266981693632,23362.900606030795
2026-10-04,-1958.2284727904218,-28453.590782019095,23899.011487613378
2026-10-05,-1611.2528870774697,-28490.817409538486,24747.996080532957
2026-10-06,-1060.9634500003954,-28266.045258618615,23370.51563613191
2026-10-07,-321.9058630565803,-26118.877626138346,25108.247817795516
2026-10-08,585.0772195499746,-26026.160635996115,25072.657601795334
2026-10-09,1633.4224914793756,-24649.36732470836,26647.145926316633
2026-10-10,2791.6065011550136,-23670.980404361362,28468.315457320623
2026-10-11,4024.0684080807596,-21958.517474564334,30929.55237200173
2026-10-12,5292.267820018699,-20324.37351015229,32395.705683844273
2026-10-13,6555.84612876254,-18804.915385716176,32822.20672161468
2026-10-14,7773.856288024097,-18326.351867500736,32633.437002771025
2026-10-15,8906.023556191936,-17788.89794026042,34974.321478284786
2026-10-16,9913.998442518317,-16342.183527841697,37531.977875213284
2026-10-17,10762.5629951615,-14613.50634826925,36814.56109163097
2026-10-18,11420.75266665291,-14562.07441323806,36772.063934003665
2026-10-19,11862.85826212807,-12530.17565839396,40223.42202354294
2026-10-20,12069.275858250685,-14406.369349880066,38849.6790007125
2026-10-21,12027.17698104823,-14232.440814967762,38782.30115123917
2026-10-22,11730.97662277794,-16145.766768225267,39605.87307025421
2026-10-23,11182.582706075907,-14872.612967609677,38074.15208431577
2026-10-24,10391.417190352815,-15300.529327276432,35954.636543784465
2026-10-25,9374.20596212512,-17343.167684958113,36138.40640964716
2026-10-26,8154.54174987796,-17081.099204301216,32489.435810177794
2026-10-27,6762.231337587936,-19290.37796879392,31696.98286794111
2026-10-28,5232.445103748607,-21411.15527524477,30271.145905593847
2026-10-29,3604.693176156082,-22164.66988951069,28636.125247988446
2026-10-30,1921.6580693585631,-24971.83955086062,25682.376063754396
2026-10-31,227.91838590563907,-25796.3069150993,24706.63762385849
2026-11-01,-1431.3981381515648,-27885.087171518007,23556.04735220558
2026-11-02,-3011.9914021190543,-29913.270819734476,23699.217758471837
2026-11-03,-4471.7533476257395,-30764.21250348716,23814.60929248686
2026-11-04,-5772.0777727496425,-31951.491791412987,20774.055532234943
2026-11-05,-6879.074561238066,-30546.24348972767,20803.273187678577
2026-11-06,-7764.649842649778,-34925.66049120595,18952.63230053296
2026-11-07,-8407.417312578647,-31734.503855439143,16369.7166901294
2026-11-08,-8793.410760001054,-35219.18758750044,16785.80675122556
2026-11-09,-8916.573635835295,-35576.79883854045,16561.1394938978
2026-11-10,-8779.008087275197,-33646.82350892031,17381.585616030265
2026-11-11,-8390.97308436377,-33271.90541772556,15368.925960987643
2026-11-12,-7770.628865645498,-33289.51359119594,18700.883162271424
2026-11-13,-6943.532703179996,-33586.64747295817,18234.228639431138
2026-11-14,-5941.898697843559,-33796.683298800664,18614.488569242654
2026-11-15,-4803.6417305520345,-30016.237110866357,21049.860456481874
2026-11-16,-3571.2325843814097,-28655.881412780433,22319.407850350497
2026-11-17,-2290.3974018170106,-26490.750708906955,25332.138687747876
2026-11-18,-1008.6998564907335,-25594.023329089767,23981.98712965257
2026-11-19,225.95147080814672,-25061.273437374963,25293.288503081643
2026-11-20,1366.8251525081712,-24745.320386989846,27611.34639070726
2026-11-21,2369.8715253573764,-24120.871895144897,29553.233658165012
2026-11-22,3195.1628462955678,-23946.309724478506,29541.129511783092
2026-11-23,3808.2232941590637,-22779.273756943086,29987.552102971065
2026-11-24,4181.2058303367385,-21292.364511384676,31001.026779856194
2026-11-25,4293.876986496284,-22433.454142491148,29330.834203967286
2026-11-26,4134.375939304451,-20950.420610920886,30510.271875303824
2026-11-27,3699.720619203272,-23047.461032679414,28090.827899323525
2026-11-28,2996.0409046364034,-21022.11989189414,28370.962745187026
2026-11-29,2038.526968784594,-25086.89860240634,28061.865596624262
2026-11-30,851.0893421230048,-27048.32120019335,24746.132600396075
2026-12-01,-534.264016268419,-24754.63173709781,24754.65723317717
2026-12-02,-2078.3196401483033,-27874.437442602168,23964.073500165727
2026-12-03,-3735.7970503186875,-29848.423878424026,19291.679682395374
2026-12-04,-5456.703518216436,-33073.48866647814,18668.120666879073
2026-12-05,-7187.867693661483,-32600.3335098004,19280.58999609785
2026-12-06,-8874.608590995093,-35202.18601172954,14792.087203925357
2026-12-07,-10462.49152631078,-37597.603425977584,15429.862749369584
2026-12-08,-11899.119056200017,-35229.08797840782,14820.842309138488
2026-12-09,-13135.902911274841,-40607.351361162364,13323.202335050315
2026-12-10,-14129.762428095246,-40436.596521096464,12859.918564928777
2026-12-11,-14844.696097441256,-40379.011249937146,10424.317804477181
2026-12-12,-15253.175558465353,-39305.83901308085,10995.853787283198
2026-12-13,-15337.315619382034,-41658.113775063706,10487.91255348414
2026-12-14,-15089.779575917562,-40199.91979666136,10027.909985567116
2026-12-15,-14514.38608453425,-38564.00630260509,9930.360844439667
2026-12-16,-13626.391943411485,-39727.242505169575,10614.078300310046
2026-12-17,-12452.43412283689,-38749.04359184978,10599.067580158993
2026-12-18,-11030.124019901203,-37977.69821299121,16942.177432921922
2026-12-19,-9407.296922246253,-35925.35011234999,14684.589287785147
2026-12-20,-7640.929766800669,-33039.17947765319,18351.388664010523
2026-12-21,-5795.750184764232,-33514.85302446306,19331.325316328603
2026-12-22,-3942.569243432036,-28487.740006911317,21955.126769247338
2026-12-23,-2156.3789529141427,-29619.90737412532,22692.375086452033
2026-12-24,-514.2632417998555,-24618.969764061647,25110.21452440508
2026-12-25,906.8225131897298,-25614.372666856463,26611.965299149775
2026-12-26,2032.343391966329,-24277.009422464816,27682.82128101354
2026-12-27,2792.4849487141078,-24453.106565576232,27892.49045009777
2026-12-28,3124.3964441659073,-22677.55075601713,28894.775957671798
2026-12-29,2974.3126205203594,-23410.518533931983,28580.543627087794
2026-12-30,2299.4913956864,-24077.727248063555,28997.20095584191
2026-12-31,1069.9086924091114,-25216.858679376157,25926.28553862471
2027-01-01,-730.3428360205501,-26309.4476926154,24706.27471454411
2027-01-02,-3101.997300116276,-27426.06682815699,22363.984152690635
2027-01-03,-6029.938886102305,-31832.808493299053,19157.15038521947
2027-01-04,-9482.93288478882,-33579.23856820509,15002.886231455153
2027-01-05,-13413.781714783006,-37898.83307617988,12623.324866683348
2027-01-06,-17759.911953686722,-44252.09859806988,6892.409670091755
2027-01-07,-22444.386790258974,-49235.78448327997,2820.681970991971
2027-01-08,-27377.32668792505,-53456.27969713503,-1615.3425169209227
2027-01-09,-32457.709728082307,-58752.20392023476,-6224.43629603438
2027-01-10,-37575.51239247017,-62763.04748546015,-11052.228376253315
2027-01-11,-42614.14175141665,-66587.74364880062,-16282.105664499964
2027-01-12,-47453.101425994384,-73313.14664238301,-22375.161895357807
2027-01-13,-51970.82653548132,-77094.29208134611,-25508.278254857476
2027-01-14,-56047.61733868389,-82985.28252233796,-30538.400757419837
2027-01-15,-59568.59759386053,-83148.65310090347,-35461.821655414686
2027-01-16,-62426.62191783161,-88402.39904310038,-36462.04282723955
2027-01-17,-64525.05668393397,-92195.89682195286,-37964.432980157595
2027-01-18,-65780.36127448296,-92503.08700551967,-38971.94400792368
2027-01-19,-66124.40075187922,-90454.10506671296,-39069.6500015517
2027-01-20,-65506.42713583481,-92319.79582973688,-40207.31430609393
2027-01-21,-63894.67432282024,-89498.4128727021,-37716.87860576696
2027-01-22,-61277.521060690546,-87291.50151044797,-32556.79442933729
2027-01-23,-57664.187055070644,-82045.20180856671,-29366.40060362179
2027-01-24,-53084.93895827856,-76150.18691594606,-26020.176946278832
2027-01-25,-47590.79537055344,-72906.0129753995,-21957.105474392174
2027-01-26,-41252.73273915948,-68672.33380562793,-16313.598610141356
2027-01-27,-34160.40683690419,-61234.56066955478,-8651.2600228238
2027-01-28,-26420.416994913525,-51879.70997099273,-1363.2110856884956
2027-01-29,-18154.152121130217,-44247.36968402156,7858.676983360098
2027-01-30,-9495.268437583318,-33028.64168943652,17527.146886118917
2027-01-31,-586.8585219347804,-26312.462174491488,24949.396227883244
2027-02-01,8421.620619271414,-17908.55810520105,32997.976792054724
2027-02-02,17377.586308637117,-9101.310616724919,42844.28728945074
2027-02-03,26128.657146426285,1423.5876615839409,52256.806388914134
2027-02-04,34525.98703632707,7613.366629692531,61876.54752479076
2027-02-05,42427.52480424392,15609.63897359521,67962.40222979066
2027-02-06,49701.11966740626,23882.370334084593,75005.12137128114
2027-02-07,56227.39662382283,29057.554237966047,82493.75348557904
2027-02-08,61902.33161511733,35176.9320939965,86720.49038317049
2027-02-09,66639.4639178974,41207.70648078593,91087.63387864307
2027-02-10,70371.69243719666,44041.6549075767,95436.75775623461
2027-02-11,73052.61316695761,47778.08386753143,98119.94492302647
2027-02-12,74657.3667648846,48910.864020352135,99339.84554751415
2027-02-13,75182.97765150745,49699.26224728117,99409.24178397098
2027-02-14,74648.17895550109,47182.304694191356,100611.30772478029
2027-02-15,73092.73064645272,49284.25842271291,97473.4122400875
2027-02-16,70576.2509773893,43408.46788455342,97086.90148726379
2027-02-17,67176.59356543951,40470.068313916345,93995.68846334153
2027-02-18,62987.81374842669,37063.93504344785,88316.27422510445
2027-02-19,58117.77797268747,30496.435049761578,84704.82353341248
2027-02-20,52685.478629683676,27248.8576386306,79586.93919618941
2027-02-21,46818.12374261062,18146.259809555024,72530.30757178226
2027-02-22,40648.076035680526,16602.505916918853,66801.81383036054
2027-02-23,34309.71906764235,11254.394620109546,60962.44925913275
2027-02-24,27936.32920978301,686.9817043813025,53134.901241332605
2027-02-25,21657.03127958918,-3008.4993195656734,49358.73991931435
2027-02-26,15593.912643636599,-9589.488721612046,41844.39910679828
2027-02-27,9859.365671903288,-14626.916378639411,37321.59832005601
2027-02-28,4553.721709608982,-20327.75951374039,28596.568325253313
2027-03-01,-236.7685808742924,-27281.940863394422,25498.25358125829
2027-03-02,-4441.563322907908,-29835.180985547384,21298.768974859515
2027-03-03,-8007.031546077556,-35077.71800693744,16695.852808907912
2027-03-04,-10897.206442590452,-37459.1557291135,14885.86565576961
2027-03-05,-13094.078895016451,-38987.668871390684,13673.844860288344
2027-03-06,-14597.432572947744,-40199.227872507785,9572.256933959925
2027-03-07,-15424.233872795103,-40375.21034783613,10697.087903960062
2027-03-08,-15607.601445260567,-40101.42927831569,11084.786132682959
2027-03-09,-15195.390715884261,-41505.945115003684,11083.498556358965
2027-03-10,-14248.438373927598,-38641.72943650633,12012.612490637497
2027-03-11,-12838.520038195618,-36932.56873894622,12887.346357187154
2027-03-12,-11046.08099610457,-37472.006637179016,17093.574819990157
2027-03-13,-8957.804890996294,-34127.42878768007,17606.55065649647
2027-03-14,-6664.088387744208,-31266.229328401907,17988.097232347405
2027-03-15,-4256.491113358681,-29345.731884818026,20837.350677019636
2027-03-16,-1825.2295376531245,-26898.7523016649,24196.56410192321
2027-03-17,543.2190297758193,-25884.89832683041,26144.59400980114
2027-03-18,2768.3404036660086,-22820.979608600224,28659.246554335496
2027-03-19,4777.579403768246,-19924.401909348657,31195.084228551143
2027-03-20,6508.058925415728,-17417.134583528885,34297.42987103995
2027-03-21,7907.982011108934,-18293.415341687014,33122.38928168592
2027-03-22,8937.68623611627,-15736.50057880262,36346.86761786311
2027-03-23,9570.329912821962,-15544.902078342779,36353.651946806065
2027-03-24,9792.200204614055,-17247.36516613511,36737.23367797919
2027-03-25,9602.643921758838,-16498.513982291373,34210.32268409843
2027-03-26,9013.632248300966,-14353.240962082766,37425.54556290482
2027-03-27,8048.98063077853,-17447.31064656367,34464.679957934044
2027-03-28,6743.254273749949,-19504.198344701,33303.94942219285
2027-03-29,5140.397886585808,-20368.648049475596,30321.144619431852
2027-03-30,3292.1352937031224,-21843.064849009348,29454.201057637598
2027-03-31,1256.1900797967357,-26880.55397712924,26656.21643274429
2027-04-01,-905.6175448577582,-25346.684270073365,24822.07376629306
2027-04-02,-3129.340096562475,-29313.214610407347,23938.37799390878
2027-04-03,-5350.8801254174505,-31257.517025005942,21522.550590114522
2027-04-04,-7507.918189996647,-32524.96027445813,17172.72920059708
2027-04-05,-9541.73680548359,-34243.07816037101,15193.218415353245
2027-04-06,-11398.88978628818,-34785.184294764425,15664.6450836149
2027-04-07,-13032.67189986127,-37582.5714830691,11716.17611869174
2027-04-08,-14404.350444761612,-41039.90621378657,11013.441193222568
2027-04-09,-15484.12805353425,-41598.39644747087,9263.792365670319
2027-04-10,-16251.814461925342,-42900.48791564052,9350.854533072825
2027-04-11,-16697.1939258798,-41645.283980120956,8928.393988907248
2027-04-12,-16820.08413969342,-40792.37659689073,9580.873074577536
2027-04-13,-16630.091644089436,-42080.064123122225,8544.149018643768
2027-04-14,-16146.077545674434,-42018.75407131044,10588.03008588289
2027-04-15,-15395.355648184153,-42119.76111581579,11717.60381165788
2027-04-16,-14412.65258615046,-40457.28370265905,11030.578853952418
2027-04-17,-13238.866047979167,-39422.56983835128,11227.28121311469
2027-04-18,-11919.662500270419,-37872.59674513958,13520.880891826877
2027-04-19,-10503.959841187201,-35308.17767074867,17325.070626176916
2027-04-20,-9042.343018233729,-33992.90194074252,16053.907815250328
2027-04-21,-7585.461788324224,-34235.02107457541,17923.727501093726
2027-04-22,-6182.459463155814,-33109.695441273405,20413.58046142056
2027-04-23,-4879.479701895815,-31180.40201095186,19727.020971184877
2027-04-24,-3718.2952578763375,-29526.007559256646,21710.77414826827
2027-04-25,-2735.09817115823,-28523.01119561141,24520.786328540726
2027-04-26,-1959.4853703459773,-26033.786890732812,22474.969196258775
2027-04-27,-1413.6671868137248,-26727.43876431652,24266.37073179146
2027-04-28,-1111.919095973204,-25045.43347884488,25239.87694264813
2027-04-29,-1060.2893077824158,-25942.872302147844,25700.54648980542
2027-04-30,-1256.5668690760804,-25604.033725460387,24986.151218928455
2027-05-01,-1690.506953942345,-28584.945854301237,23917.846110167582
2027-05-02,-2344.3022457055977,-27874.0626815016,22828.653919675788
2027-05-03,-3193.2819842247704,-28710.99107857184,22199.375764675035
2027-05-04,-4206.813580236617,-26349.98813072827,21979.666261645667
2027-05-05,-5349.37587601696,-30920.019442225563,19583.242259659855
2027-05-06,-6581.7683238139925,-33055.13375775802,19556.107242737966
2027-05-07,-7862.416691874932,-33222.12173803506,19462.51354528158
2027-05-08,-9148.733490297021,-36391.43617896281,16478.37447517604
2027-05-09,-10398.490192205212,-33695.035267645835,18101.665803741784
2027-05-10,-11571.158529467246,-38457.38038021867,15193.8678637506
2027-05-11,-12629.179644577313,-37953.7993703545,13385.707056850644
2027-05-12,-13539.12262101334,-41263.25098210151,10833.25052403519
2027-05-13,-14272.697797126617,-39424.566018370526,10350.977565405172
2027-05-14,-14807.595162626365,-40709.60503594961,10109.350995772378
2027-05-15,-15128.123882476353,-42519.65861878055,10283.11949528501
2027-05-16,-15225.635407819678,-40805.635740379876,9618.44637201406
2027-05-17,-15098.719514035147,-39412.954497570434,7995.859085310586
2027-05-18,-14753.16973957179,-40686.490204010624,11298.942854253053
2027-05-19,-14201.721864826875,-39901.72333223786,9698.946573047864
2027-05-20,-13463.576050370004,-40593.69157886587,13174.022278860288
2027-05-21,-12563.719836689499,-38259.18335789756,14871.58972977128
2027-05-22,-11532.075196653097,-39272.01843362805,14275.814780507502
2027-05-23,-10402.49804964916,-37127.18481739651,16382.899670226441
2027-05-24,-9211.662940880513,-35693.99902469458,16763.827994175554
2027-05-25,-7997.868837469544,-31337.39705998049,17925.319664900777
2027-05-26,-6799.804104703003,-32768.225487918826,19688.31161576065
2027-05-27,-5655.309647263182,-30544.277852727082,20060.49751379817
2027-05-28,-4600.178911830968,-28618.78004934974,21739.253460641983
2027-05-29,-3667.031970062085,-28496.818133395263,23220.914217405014
2027-05-30,-2884.2982880859918,-27698.189888414527,23518.973915811246
2027-05-31,-2275.3391306977915,-28158.11046262334,24888.46706636446
2027-06-01,-1857.7359649434416,-26754.189956942515,24896.33400286187
2027-06-02,-1642.7658676206177,-26988.36287745378,24054.70633733902
2027-06-03,-1635.0789731932123,-25477.653808505944,22787.446173081895
2027-06-04,-1832.586612977211,-26589.629931938063,25019.8210094562
2027-06-05,-2226.5621887637462,-27514.856226336575,22407.507817863614
2027-06-06,-2801.9502032473197,-29207.31232639615,23407.40643699059
2027-06-07,-3537.8724347235966,-30453.672142726045,22930.82136204908
2027-06-08,-4408.31419502475,-30995.324363497337,21295.645797474408
2027-06-09,-5382.968128013716,-29025.87492611005,20156.192018601767
2027-06-10,-6428.20825739326,-30263.032450392955,19637.186371938664
2027-06-11,-7508.16311856864,-33022.18167752482,19040.920994039745
2027-06-12,-8585.853922429436,-33591.581023235776,16877.20946761538
2027-06-13,-9624.36188307752,-33984.7762317799,15941.29039158925
2027-06-14,-10587.98814519512,-36851.93969054187,15386.200684295392
2027-06-15,-11443.370185811295,-38452.29799075592,15615.385232473389
2027-06-16,-12160.520117867261,-36724.59786374801,15133.681520955395
2027-06-17,-12713.752937207239,-39263.05074194483,15903.041986143557
2027-06-18,-13082.476342060538,-40178.765008088834,13862.659908295142
2027-06-19,-13251.81820013229,-39012.87432879727,12818.792777889614
2027-06-20,-13213.072900980289,-39488.408904238604,12091.52814920824
2027-06-21,-12963.953547711315,-40022.21526388482,9390.293476942123
2027-06-22,-12508.643033273203,-38878.22211308569,13540.740437013086
2027-06-23,-11857.643322574288,-38024.42849109118,14847.570820418649
2027-06-24,-11027.428529020199,-34736.11609506277,12990.286621762321
2027-06-25,-10039.913437885474,-37014.46335367524,17467.519934936423
2027-06-26,-8921.754805197106,-35300.01591850807,15870.993012049274
2027-06-27,-7703.507873852448,-33454.480764889144,17223.373373621387
2027-06-28,-6418.664945961459,-31369.659109875167,16930.426683265767
2027-06-29,-5102.606396182406,-31420.057249181795,20606.98051514576
2027-06-30,-3791.4971025288673,-29579.728085932766,22267.580067605817
2027-07-01,-2521.16282991503,-28137.92949794012,23904.654513614372
2027-07-02,-1325.9815854440553,-26985.073351480307,25147.270841494574
2027-07-03,-237.82436199805306,-26218.368856992878,24339.28769311565
2027-07-04,714.9219801032086,-25037.048356481027,26686.738959457743
2027-07-05,1508.2196176453394,-25707.80490554356,27079.29154645482
2027-07-06,2123.1059758478154,-22830.46845562807,31543.7934017281
2027-07-07,2546.2591708951377,-23723.15587092402,28816.729002647673
2027-07-08,2770.385680150069,-22396.29816050851,26851.740886900538
2027-07-09,2794.418818502571,-23580.374663112805,27929.60611506994
2027-07-10,2623.522516359962,-22730.23469511638,27324.41085747367
2027-07-11,2268.9009636837814,-21999.845117053377,28447.608062899668
2027-07-12,1747.4207159533419,-25243.447298231127,27062.16448735618
2027-07-13,1081.057667211309,-24941.50797009614,24983.10067036892
2027-07-14,296.18670153042126,-24417.442165460616,24726.015617944802
2027-07-15,-577.2633268621817,-26544.404015137487,25294.858295984028
2027-07-16,-1506.7625131363686,-27582.140255292714,23092.984428819218
2027-07-17,-2458.210668725861,-27787.4959787002,22754.6204244759
2027-07-18,-3397.0135452489994,-28974.5829138808,23259.69261815179
2027-07-19,-4289.170797793261,-28941.898435554613,22588.51011550271
2027-07-20,-5102.341693416662,-31746.853538199113,21164.330369879932
2027-07-21,-5806.855349992803,-30110.03106225276,19832.045007629677
2027-07-22,-6376.634100589512,-31355.99029122948,20048.729651720812
2027-07-23,-6790.001359770729,-34202.857934141895,18618.86453864255
2027-07-24,-7030.34903357074,-33024.988237265505,19689.833151267398
2027-07-25,-7086.643948602125,-35123.28999857997,18600.55021852693
2027-07-26,-6953.757839060022,-30955.77243751269,19891.550994710808
2027-07-27,-6632.610965846672,-32519.715813591494,17527.45463578107
2027-07-28,-6130.125276113444,-31804.30174444296,20758.74400830312
2027-07-29,-5458.988964393858,-31666.155655990606,21500.33636480587
2027-07-30,-4637.240181728908,-29267.831121459083,20598.773283640636
2027-07-31,-3687.683275980699,-29466.761356621217,22885.196138253978
2027-08-01,-2637.1561584930705,-27904.608448041763,25618.871104531216
2027-08-02,-1515.67201989778,-27091.52338691467,24485.675507264426
2027-08-03,-355.4625166273322,-26809.40452558702,24920.46830452625
2027-08-04,810.047399840975,-23189.27535403564,26334.23977208908
2027-08-05,1947.3007316012993,-22492.54924430575,28334.52784477846
2027-08-06,3023.6723809598507,-22372.347447353597,29560.503058761504
2027-08-07,4008.502356992558,-21127.835886528384,30326.402139659604
2027-08-08,4874.065787147874,-22230.874027842725,30776.915049309086
2027-08-09,5596.449274826223,-18550.242097420032,32906.59524514082
2027-08-10,6156.306088752225,-18587.081106788683,30776.96701348362
2027-08-11,6539.466472729247,-20727.71754336088,31318.433454996994
2027-08-12,6737.383907056573,-19061.635795132734,33787.940816874725
2027-08-13,6747.403294067403,-20559.88078297748,30750.946993913523
2027-08-14,6572.842620353309,-19520.504842098377,31815.438302258222
2027-08-15,6222.885494178585,-20782.422077544994,33121.740157404056
2027-08-16,5712.287886173413,-19368.259288569297,31848.346243751548
2027-08-17,5060.908230974956,-20499.653142526327,32425.580434312502
2027-08-18,4293.075595030607,-20635.860106653818,30852.720002079735
2027-08-19,3436.8157089626206,-22942.032426861526,29244.07331254668
2027-08-20,2522.95914264534,-24427.810964877026,26875.757203136585
2027-08-21,1584.1596273194443,-25660.593024139675,29751.856745065175
2027-08-22,653.8533852417142,-24518.030851597203,26176.19672316433
2027-08-23,-234.80777702541445,-26130.615178368367,23828.15163980066
2027-08-24,-1050.0159804291839,-27095.80536958004,26074.063263344517
2027-08-25,-1762.3259338342323,-26619.469092423056,24649.951262988878
2027-08-26,-2345.600506551102,-27593.755268898112,25040.37476134125
2027-08-27,-2777.8532073361384,-29504.732626956036,22987.675079358512
2027-08-28,-3041.9607364141616,-28539.027531797434,23228.769027186554
2027-08-29,-3126.222796045872,-28206.835939501434,22908.86797696588
2027-08-30,-3024.7510859156955,-27378.247293285836,23400.150519810988
2027-08-31,-2737.6747276299852,-29973.45288974544,21950.59693992729
2027-09-01,-2271.1550930288745,-28359.169915633745,24205.584370835808
2027-09-02,-1637.208977310894,-28717.47521877139,24557.976206311356
2027-09-03,-853.3450744518284,-25505.499514539726,24199.399475065104
2027-09-04,57.97540717272204,-24488.483986831707,24639.89049052032
2027-09-05,1070.0375906398026,-27735.032524967293,26118.33144792244
2027-09-06,2152.709772661607,-23902.528704897995,27337.935852283234
2027-09-07,3273.3923829411747,-22368.393832476886,27571.92683279469
2027-09-08,4398.0495600132945,-19934.367668773855,30215.58907324197
2027-09-09,5492.291128756071,-20877.63596272446,30714.292395239765
2027-09-10,6522.471046473764,-19374.913533644005,30964.123858958385
2027-09-11,7456.767718142999,-18947.013260673277,33215.274621082506
2027-09-12,8266.21199293498,-18477.644824643983,33205.903891416885
2027-09-13,8925.63013419032,-19431.282338311965,35023.950165947615
2027-09-14,9414.4715625734,-16279.39895502308,33471.19644134076
2027-09-15,9717.494633541904,-15169.233600398866,35845.589963640035
2027-09-16,9825.288022085477,-14837.742839710163,37315.72595207802
2027-09-17,9734.610320149688,-16533.759788721196,34816.60022726395
2027-09-18,9448.536052239986,-17992.338951922076,35498.86069035325
2027-09-19,8976.402311330468,-15960.6619886273,33399.62318244501
2027-09-20,8333.55642644895,-18509.701608473082,31930.280871521863
2027-09-21,7540.911303266627,-18973.302741467454,34419.46933607638
2027-09-22,6624.3211371804855,-20165.341176321348,32487.757958461887
2027-09-23,5613.795895450431,-19467.81770419486,32098.78231184651
2027-09-24,4542.578122895986,-20755.979948698692,29373.743757191714
2027-09-25,3446.110081483148,-22661.073705557024,30527.004278863493
2027-09-26,2360.9228459576093,-24845.872600329658,31121.139398575662
2027-09-27,1323.481628978771,-25828.72151613888,27295.62740183834
2027-09-28,369.0232119301386,-27186.828176494906,25912.963927831133
2027-09-29,-469.5781432457977,-26313.596177713276,25362.205509221076
2027-09-30,-1162.8805538561446,-25461.579518806066,23720.351521756627
2027-10-01,-1685.8461408027913,-25709.016988261577,24286.917593840524
2027-10-02,-2018.6832193255505,-28171.01832619781,24216.16983173179
2027-10-03,-2147.5316522701464,-27237.890548686442,22961.253584501104
2027-10-04,-2064.9686333513428,-27241.416394874494,24308.375588431238
2027-10-05,-1770.3175763938157,-26702.859279387634,23928.287536842578
2027-10-06,-1269.7487707076543,-27776.937002272873,26473.419869006713
2027-10-07,-576.1668419950279,-27597.363281054462,26099.76057030958
2027-10-08,291.1133622612922,-26112.106530697343,26276.457954389465
2027-10-09,1306.894264552963,-24042.40609567055,24818.058523774052
2027-10-10,2440.8118522999084,-22241.05223156558,27688.71366241901
2027-10-11,3658.220227695486,-22634.882819453513,30633.818374420378
2027-10-12,4921.218478182328,-21196.446422376146,30349.925336566794
2027-10-13,6189.7893056406365,-20349.6888902157,32554.325505414396
2027-10-14,7423.015131546717,-17459.486489548824,33770.7720730564
2027-10-15,8580.334702276637,-17202.42990531548,33975.970578388915
2027-10-16,9622.801644246192,-17997.576059761697,37381.13001294438
2027-10-17,10514.306020137637,-13281.763891076558,36690.595572621394
2027-10-18,11222.720735913437,-15607.815852510561,36176.88865939706
2027-10-19,11720.936629203265,-14011.074354393726,37292.52394224868
2027-10-20,11987.75318176696,-14898.603608992233,36668.29333128705
2027-10-21,12008.595955038083,-13795.403750136755,38621.209035663735
2027-10-22,11776.036930388947,-14267.862455056393,37439.974479997996
2027-10-23,11290.099795772936,-14049.663036206572,37889.81651618845
2027-10-24,10558.338685050285,-15028.810742625796,36767.88267661571
2027-10-25,9595.685752689498,-15567.314999501563,36127.04654659
2027-10-26,8424.070047128867,-16277.130139206176,34229.97600204938
2027-10-27,7071.817216567384,-19667.158522198566,31435.38750021877
2027-10-28,5572.846423850796,-19603.75282453673,31224.09036736061
2027-10-29,3965.687251634942,-22060.868563995005,30276.14574518247
2027-10-30,2292.3451450320326,-23977.929237778142,25702.693892870248
2027-10-31,597.0488840941359,-24293.695269516607,24134.905056900636
2027-11-01,-1075.0824560924589,-25748.231095846844,25774.669470561923
2027-11-02,-2679.4127440697107,-29653.027522366272,24608.605135456353
2027-11-03,-4173.160268673458,-31061.856370567457,21798.9044240563
2027-11-04,-5516.725114736408,-28958.542990716298,19955.865014129817
2027-11-05,-6674.931015626247,-30970.932067132624,18277.999533851835
2027-11-06,-7618.142455254614,-36287.28424270749,18396.123249470125
2027-11-07,-8323.221212310063,-33499.856592299744,18202.811838593207
2027-11-08,-8774.291092511665,-34200.37804164932,16894.823352228286
2027-11-09,-8963.28515400874,-34014.1138596461,17757.79817466029
2027-11-10,-8890.256137669816,-35510.48261727575,18493.71506444565
2027-11-11,-8563.437882122018,-35101.08828887254,15149.80315546992
2027-11-12,-7999.0530253264515,-35133.96422177252,18428.305927630707
2027-11-13,-7220.870045972311,-33719.119418192335,18618.138549453426
2027-11-14,-6259.520446893484,-31325.190019796977,20800.548758967543
2027-11-15,-5151.594392639553,-30467.610455200273,21046.12891981345
2027-11-16,-3938.5401553710217,-29301.133022437276,23259.674441810406
2027-11-17,-2665.3990763788565,-30267.803784188392,23433.276659879175
2027-11-18,-1379.4132160081376,-28066.19415370573,23639.949953245752
2027-11-19,-128.54726597549006,-25684.17200035945,24177.607819671244
2027-11-20,1040.0305115178228,-26410.233896913498,27497.328229594532
2027-11-21,2081.4616836706473,-23264.380846815835,26810.376983551687
2027-11-22,2954.658276457476,-23743.574041641674,27002.367467862845
2027-11-23,3623.6644743936567,-21741.23681410488,31119.42730527279
2027-11-24,4058.875596821632,-22943.684896937208,32236.456685742338
2027-11-25,4238.074284252135,-22546.87234672448,28796.428992157522
2027-11-26,4147.24882295685,-21666.233240019268,29721.897742675043
2027-11-27,3781.164664597737,-23729.887053629125,29783.529626978307
2027-11-28,3143.667290931522,-21726.262949167256,28191.855906846085
2027-11-29,2247.7024324772383,-22535.135968258775,27772.62412517906
2027-11-30,1115.048048451958,-25068.54080526517,25509.965195106102
2027-12-01,-224.23882919397556,-26684.144856586536,24855.474838217826
2027-12-02,-1732.6485493489683,-27338.07693373195,22751.117218428324
2027-12-03,-3366.2982371417347,-28888.00215524082,22130.403367131323
2027-12-04,-5076.235735122575,-30459.985763070337,19768.755310415276
2027-12-05,-6809.932374375976,-33694.91049370568,18887.49079414515
2027-12-06,-8512.922489869532,-34354.49868339205,18857.54776184172
2027-12-07,-10130.542376458492,-37136.06851026547,15921.520296466171
2027-12-08,-11609.717486226898,-35536.88005032035,14254.592547229928
2027-12-09,-12900.744230618355,-38640.8596636698,14025.621761244207
2027-12-10,-13959.011863283959,-39169.628287069565,11970.847191870136
2027-12-11,-14746.610632533399,-39763.84318569709,10622.178298414587
2027-12-12,-15233.774707375089,-42421.355527072,11932.653156730861
2027-12-13,-15400.112255603184,-40942.3280341816,11065.586002325856
2027-12-14,-15235.580394570467,-42195.90101879979,11840.668775697528
2027-12-15,-14741.169413489546,-41314.552057885725,10829.391743209026
2027-12-16,-13929.268503269803,-40666.86678056267,12409.048514676777
2027-12-17,-12823.69401802895,-37540.621384487546,14052.661473152422
2027-12-18,-11459.370788718381,-37361.64229818236,14738.40256260725
2027-12-19,-9881.666951211184,-36376.767655048505,15083.351832205139
2027-12-20,-8145.392856699618,-31912.58259806522,16070.249371234162
2027-12-21,-6313.484613668276,-33440.63878028703,18613.101080155706
2027-12-22,-4455.402377922983,-31601.91353230143,21788.962858188588
2027-12-23,-2645.2823806944857,-26302.48442694299,24294.160961294416
2027-12-24,-959.8895986028396,-26002.72598940976,23917.235326407168
2027-12-25,523.5753153644105,-25227.476510919536,27616.266094094695
2027-12-26,1729.7559139262466,-22419.605475294604,27304.556340266532
2027-12-27,2587.443998113506,-23538.955278261394,26859.46982663913
2027-12-28,3031.843148816557,-23932.026683182576,27782.933299626024
2027-12-29,3006.726848038322,-24176.725070732973,28943.27417000145
2027-12-30,2466.4278843231605,-23783.773388339072,27779.17845107831
2027-12-31,1377.599133985135,-23974.579173227554,27575.97703531287
2028-01-01,-279.3090602815789,-27078.770226772383,24050.530546523765
2028-01-02,-2508.9029492536943,-27399.768698058233,21746.861330223855
2028-01-03,-5300.070722441033,-32052.583975864134,19571.38206804396
2028-01-04,-8625.609559718472,-34662.81630146033,19015.39606371184
2028-01-05,-12442.274394165559,-39436.22650829634,12890.044215118376
2028-01-06,-16691.25725902992,-43337.56052581229,6732.763098073343
2028-01-07,-21299.094546593155,-47513.347864542695,5397.741761348209
2028-01-08,-26178.987859684014,-52041.38431929738,418.7825637160335
2028-01-09,-31232.51270886319,-56621.20973169455,-5019.591067815218
2028-01-10,-36351.678417607545,-62862.92252696754,-9739.983485750223
2028-01-11,-41421.29254931438,-68520.51465794929,-15905.46667076606
2028-01-12,-46321.574246826625,-70953.265204971,-20271.42068715806
2028-01-13,-50930.95333870826,-76298.53038446966,-25478.135063709433
2028-01-14,-55128.986130587364,-78256.27533674349,-29105.034279753476
2028-01-15,-58799.31464998206,-84387.44606362913,-32961.74261243325
2028-01-16,-61832.59387471794,-87749.04770837193,-35263.56146823459
2028-01-17,-64129.31123037286,-87860.99045088745,-37394.32334721341
2028-01-18,-65602.42441569062,-91001.85152150669,-38304.162794687596
2028-01-19,-66179.74737783785,-91227.79651163047,-40209.687285985354
2028-01-20,-65806.01992525143,-91244.45810065333,-41486.975297925754
2028-01-21,-64444.60390059633,-90037.16933717606,-39251.09203539702
2028-01-22,-62078.757851781585,-87946.07279845135,-35163.249764068496
2028-01-23,-58712.45250542791,-86868.96761500987,-33302.87154488649
2028-01-24,-54370.700796968464,-80714.34397097789,-29547.2203261898
2028-01-25,-49099.388443418386,-74198.43884298405,-24156.812714846918
2028-01-26,-42964.603739002356,-68735.40047566242,-19269.86407249844
2028-01-27,-36051.478070935584,-64057.177777451674,-9370.375100369183
2028-01-28,-28462.561253448825,-52486.98789435535,-1522.8034767762042
2028-01-29,-20315.76782549795,-46392.27354475017,4792.670692617727
2028-01-30,-11741.941625052737,-37198.417245563105,12183.987713458419
2028-01-31,-2882.0959453376217,-30964.349126170164,21059.503288128722
2028-02-01,6115.604881199522,-21630.258498322684,33629.994734523345
2028-02-02,15099.049763954274,-9545.684448844886,41392.96900343257
2028-02-03,23915.493298127327,-2263.670643311646,51084.72631353727
2028-02-04,32414.895682093622,5135.5176415818305,57649.45499171806
2028-02-05,40453.20851794647,14422.098720570693,65490.40926519626
2028-02-06,47895.52611993373,23231.69841409216,73348.59463260896
2028-02-07,54619.025258215144,28001.363821799605,78905.52886086912
2028-02-08,60515.62156862359,33919.221259058424,85071.48562917893
2028-02-09,65494.27802158709,40789.788050036565,90242.05209184368
2028-02-10,69482.90968109982,43079.36256647108,95664.13749691602
2028-02-11,72429.83925690557,45719.31063547013,95961.02134338567
2028-02-12,74304.76939063844,49140.507028929365,98352.33015996474
2028-02-13,75099.24991495463,48597.83645678598,101758.4758284923
2028-02-14,74826.6311562692,48603.25978834495,100810.25101506252
2028-02-15,73521.50737614055,48066.58941939062,98541.68165562836
2028-02-16,71238.66731944516,44498.20654775457,97305.50406003908
2028-02-17,68051.58121800952,40703.579420371854,93432.76771490563
2028-02-18,64050.46516097343,38386.40404040769,88749.81128077525
2028-02-19,59339.97418437455,34698.64730528572,85125.14850379349
2028-02-20,54036.58448138221,27978.82764057923,78500.05448445899
2028-02-21,48265.73255658615,23731.773363064345,74060.77538228012
2028-02-22,42158.784755067296,14605.716108968538,68077.88253790898
2028-02-23,35849.914251741044,10653.429575693872,60227.01303759905
2028-02-24,29472.964200564376,4011.4385175894367,55170.014478086865
2028-02-25,23158.375289343505,-4318.387485927373,48245.95091348094
2028-02-26,17030.25344929313,-7916.72604566409,43053.84276239325
2028-02-27,11203.64900872772,-14901.718691903172,37807.2585163821
2028-02-28,5782.112292885209,-20095.944693195346,34021.38826650051
2028-02-29,855.582738977816,-23131.109199642477,26946.83181920604
